epoch_id,timestamp,break_v,break_E_eV,n_points,PA_bins,status,features,cone_half_width_deg,input_file,break_index,error_message
0,2022-03-02 12:05:09,466869941.9493988,61.96836287192138,5294,"7,8,9,10",ok,"v_perp,log_psd,deriv,second_deriv",20.0,VDF_eas_forFitting_20220302121509_20220302122509_1min.h5,4317.0,
1,2022-03-02 12:06:09,432229614.91857034,53.11378296115106,5200,"7,8,9,10",ok,"v_perp,log_psd,deriv,second_deriv",20.0,VDF_eas_forFitting_20220302121509_20220302122509_1min.h5,4138.0,
2,2022-03-02 12:07:09,465350995.9234808,61.56579474245128,5652,"7,8,9,10",ok,"v_perp,log_psd,deriv,second_deriv",20.0,VDF_eas_forFitting_20220302121509_20220302122509_1min.h5,4589.0,
3,2022-03-02 12:08:09,431326962.5399402,52.892172875290164,5443,"7,8,9,10",ok,"v_perp,log_psd,deriv,second_deriv",20.0,VDF_eas_forFitting_20220302121509_20220302122509_1min.h5,4254.0,
4,2022-03-02 12:09:09,435416863.37982917,53.89998999174632,4778,"7,8,9,10",ok,"v_perp,log_psd,deriv,second_deriv",20.0,VDF_eas_forFitting_20220302121509_20220302122509_1min.h5,3821.0,
5,2022-03-02 12:10:09,465532375.9768445,61.61379714699823,5322,"7,8,9,10",ok,"v_perp,log_psd,deriv,second_deriv",20.0,VDF_eas_forFitting_20220302121509_20220302122509_1min.h5,4294.0,
6,2022-03-02 12:11:09,431312178.33974445,52.88854706406537,5399,"7,8,9,10",ok,"v_perp,log_psd,deriv,second_deriv",20.0,VDF_eas_forFitting_20220302121509_20220302122509_1min.h5,4215.0,
7,2022-03-02 12:12:09,465158818.7100031,61.51495526888736,5468,"7,8,9,10",ok,"v_perp,log_psd,deriv,second_deriv",20.0,VDF_eas_forFitting_20220302121509_20220302122509_1min.h5,4389.0,
8,2022-03-02 12:13:09,441372440.73085624,55.38454846307805,4846,"7,8,9,10",ok,"v_perp,log_psd,deriv,second_deriv",20.0,VDF_eas_forFitting_20220302121509_20220302122509_1min.h5,3892.0,
9,2022-03-02 12:14:09,435313558.6816072,53.874416973625415,4973,"7,8,9,10",ok,"v_perp,log_psd,deriv,second_deriv",20.0,VDF_eas_forFitting_20220302121509_20220302122509_1min.h5,3926.0,
10,2022-03-02 12:15:09,473089490.6615723,63.63042088585659,4873,"7,8,9,10",ok,"v_perp,log_psd,deriv,second_deriv",20.0,VDF_eas_forFitting_20220302121509_20220302122509_1min.h5,4042.0,
11,2022-03-02 12:16:09,436542718.93945295,54.17908831418503,4261,"7,8,9,10",ok,"v_perp,log_psd,deriv,second_deriv",20.0,VDF_eas_forFitting_20220302121509_20220302122509_1min.h5,3405.0,
12,2022-03-02 12:17:09,433977034.65653974,53.54410832534217,4675,"7,8,9,10",ok,"v_perp,log_psd,deriv,second_deriv",20.0,VDF_eas_forFitting_20220302121509_20220302122509_1min.h5,3669.0,
13,2022-03-02 12:18:09,433508078.30637413,53.42845113274873,4686,"7,8,9,10",ok,"v_perp,log_psd,deriv,second_deriv",20.0,VDF_eas_forFitting_20220302121509_20220302122509_1min.h5,3682.0,
14,2022-03-02 12:19:09,473934796.43989,63.85801087196693,5279,"7,8,9,10",ok,"v_perp,log_psd,deriv,second_deriv",20.0,VDF_eas_forFitting_20220302121509_20220302122509_1min.h5,4312.0,
15,2022-03-02 12:20:09,440862870.78639317,55.25673799199513,5319,"7,8,9,10",ok,"v_perp,log_psd,deriv,second_deriv",20.0,VDF_eas_forFitting_20220302121509_20220302122509_1min.h5,4187.0,
16,2022-03-02 12:21:09,439908793.26252955,55.017833016970386,5402,"7,8,9,10",ok,"v_perp,log_psd,deriv,second_deriv",20.0,VDF_eas_forFitting_20220302121509_20220302122509_1min.h5,4256.0,
17,2022-03-02 12:22:09,441613276.7258653,55.44500639259305,5180,"7,8,9,10",ok,"v_perp,log_psd,deriv,second_deriv",20.0,VDF_eas_forFitting_20220302121509_20220302122509_1min.h5,4183.0,
18,2022-03-02 12:23:09,408150942.28140146,47.360884177916645,5318,"7,8,9,10",ok,"v_perp,log_psd,deriv,second_deriv",20.0,VDF_eas_forFitting_20220302121509_20220302122509_1min.h5,3948.0,
19,2022-03-02 12:24:09,441436596.97222036,55.40065061344224,5338,"7,8,9,10",ok,"v_perp,log_psd,deriv,second_deriv",20.0,VDF_eas_forFitting_20220302121509_20220302122509_1min.h5,4256.0,
20,2022-03-02 12:25:09,440039766.4569649,55.05059859995079,5207,"7,8,9,10",ok,"v_perp,log_psd,deriv,second_deriv",20.0,VDF_eas_forFitting_20220302121509_20220302122509_1min.h5,4151.0,
21,2022-03-02 12:26:09,431996566.3855027,53.056522876310304,5176,"7,8,9,10",ok,"v_perp,log_psd,deriv,second_deriv",20.0,VDF_eas_forFitting_20220302121509_20220302122509_1min.h5,3996.0,
22,2022-03-02 12:27:09,437606349.63370955,54.4434232439699,5113,"7,8,9,10",ok,"v_perp,log_psd,deriv,second_deriv",20.0,VDF_eas_forFitting_20220302121509_20220302122509_1min.h5,3994.0,
23,2022-03-02 12:28:09,473304237.4501942,63.68820077791241,5355,"7,8,9,10",ok,"v_perp,log_psd,deriv,second_deriv",20.0,VDF_eas_forFitting_20220302121509_20220302122509_1min.h5,4459.0,
24,2022-03-02 12:29:09,440418335.7211371,55.14536016829831,5050,"7,8,9,10",ok,"v_perp,log_psd,deriv,second_deriv",20.0,VDF_eas_forFitting_20220302121509_20220302122509_1min.h5,4013.0,
25,2022-03-02 12:30:09,441213363.16096705,55.34463273270818,5363,"7,8,9,10",ok,"v_perp,log_psd,deriv,second_deriv",20.0,VDF_eas_forFitting_20220302121509_20220302122509_1min.h5,4258.0,
26,2022-03-02 12:31:09,441016766.80369043,55.29532267089393,5237,"7,8,9,10",ok,"v_perp,log_psd,deriv,second_deriv",20.0,VDF_eas_forFitting_20220302121509_20220302122509_1min.h5,4176.0,
27,2022-03-02 12:32:09,436002852.9911862,54.04516621473404,5209,"7,8,9,10",ok,"v_perp,log_psd,deriv,second_deriv",20.0,VDF_eas_forFitting_20220302121509_20220302122509_1min.h5,4104.0,
28,2022-03-02 12:33:09,441021330.70703375,55.29646713447357,5586,"7,8,9,10",ok,"v_perp,log_psd,deriv,second_deriv",20.0,VDF_eas_forFitting_20220302121509_20220302122509_1min.h5,4438.0,
29,2022-03-02 12:34:09,441812040.3668686,55.49492758834743,5606,"7,8,9,10",ok,"v_perp,log_psd,deriv,second_deriv",20.0,VDF_eas_forFitting_20220302121509_20220302122509_1min.h5,4395.0,
30,2022-03-02 12:35:09,408608803.4838122,47.467202071699795,5454,"7,8,9,10",ok,"v_perp,log_psd,deriv,second_deriv",20.0,VDF_eas_forFitting_20220302121509_20220302122509_1min.h5,4127.0,
31,2022-03-02 12:36:09,441831263.54767865,55.499756846663274,5623,"7,8,9,10",ok,"v_perp,log_psd,deriv,second_deriv",20.0,VDF_eas_forFitting_20220302121509_20220302122509_1min.h5,4432.0,
32,2022-03-02 12:37:09,436900702.3092008,54.26798300516192,5445,"7,8,9,10",ok,"v_perp,log_psd,deriv,second_deriv",20.0,VDF_eas_forFitting_20220302121509_20220302122509_1min.h5,4217.0,
33,2022-03-02 12:38:09,441599848.47737104,55.441634582716425,5353,"7,8,9,10",ok,"v_perp,log_psd,deriv,second_deriv",20.0,VDF_eas_forFitting_20220302121509_20220302122509_1min.h5,4207.0,
34,2022-03-02 12:39:09,442456399.3327211,55.65691833062201,5529,"7,8,9,10",ok,"v_perp,log_psd,deriv,second_deriv",20.0,VDF_eas_forFitting_20220302121509_20220302122509_1min.h5,4413.0,
35,2022-03-02 12:40:09,441207727.7084138,55.34321894932786,5227,"7,8,9,10",ok,"v_perp,log_psd,deriv,second_deriv",20.0,VDF_eas_forFitting_20220302121509_20220302122509_1min.h5,4121.0,
36,2022-03-02 12:41:09,441583758.9170318,55.43759465707992,5567,"7,8,9,10",ok,"v_perp,log_psd,deriv,second_deriv",20.0,VDF_eas_forFitting_20220302121509_20220302122509_1min.h5,4443.0,
37,2022-03-02 12:42:09,441381587.6328883,55.38684404042466,5299,"7,8,9,10",ok,"v_perp,log_psd,deriv,second_deriv",20.0,VDF_eas_forFitting_20220302121509_20220302122509_1min.h5,4259.0,
38,2022-03-02 12:43:09,441013562.02565384,55.2945190343654,5106,"7,8,9,10",ok,"v_perp,log_psd,deriv,second_deriv",20.0,VDF_eas_forFitting_20220302121509_20220302122509_1min.h5,4081.0,
39,2022-03-02 12:44:09,442098172.4157248,55.56683155529736,5447,"7,8,9,10",ok,"v_perp,log_psd,deriv,second_deriv",20.0,VDF_eas_forFitting_20220302121509_20220302122509_1min.h5,4389.0,
40,2022-03-02 12:45:09,441726357.225242,55.47340477671955,5526,"7,8,9,10",ok,"v_perp,log_psd,deriv,second_deriv",20.0,VDF_eas_forFitting_20220302121509_20220302122509_1min.h5,4367.0,
41,2022-03-02 12:46:09,442010165.59045184,55.544710795711154,5350,"7,8,9,10",ok,"v_perp,log_psd,deriv,second_deriv",20.0,VDF_eas_forFitting_20220302121509_20220302122509_1min.h5,4234.0,
42,2022-03-02 12:47:09,441422048.6851869,55.39699902999311,5294,"7,8,9,10",ok,"v_perp,log_psd,deriv,second_deriv",20.0,VDF_eas_forFitting_20220302121509_20220302122509_1min.h5,4167.0,
43,2022-03-02 12:48:09,441386198.2912891,55.38800118498491,5269,"7,8,9,10",ok,"v_perp,log_psd,deriv,second_deriv",20.0,VDF_eas_forFitting_20220302121509_20220302122509_1min.h5,4170.0,
44,2022-03-02 12:49:09,442270638.63288957,55.610194188843344,5374,"7,8,9,10",ok,"v_perp,log_psd,deriv,second_deriv",20.0,VDF_eas_forFitting_20220302121509_20220302122509_1min.h5,4238.0,
45,2022-03-02 12:50:09,432729160.81254727,53.23662556052101,5524,"7,8,9,10",ok,"v_perp,log_psd,deriv,second_deriv",20.0,VDF_eas_forFitting_20220302121509_20220302122509_1min.h5,4265.0,
46,2022-03-02 12:51:09,441083751.2402761,55.312121158396906,5603,"7,8,9,10",ok,"v_perp,log_psd,deriv,second_deriv",20.0,VDF_eas_forFitting_20220302121509_20220302122509_1min.h5,4279.0,
47,2022-03-02 12:52:09,440561871.0611445,55.18131052370331,5503,"7,8,9,10",ok,"v_perp,log_psd,deriv,second_deriv",20.0,VDF_eas_forFitting_20220302121509_20220302122509_1min.h5,4276.0,
48,2022-03-02 12:53:09,440498893.1923933,55.16553542752863,5300,"7,8,9,10",ok,"v_perp,log_psd,deriv,second_deriv",20.0,VDF_eas_forFitting_20220302121509_20220302122509_1min.h5,4149.0,
49,2022-03-02 12:54:09,440988021.7111807,55.28811470292059,5244,"7,8,9,10",ok,"v_perp,log_psd,deriv,second_deriv",20.0,VDF_eas_forFitting_20220302121509_20220302122509_1min.h5,4128.0,
50,2022-03-02 12:55:09,439660792.2349269,54.95581728435437,5157,"7,8,9,10",ok,"v_perp,log_psd,deriv,second_deriv",20.0,VDF_eas_forFitting_20220302121509_20220302122509_1min.h5,4088.0,
51,2022-03-02 12:56:09,408760573.0895249,47.502470114811224,5277,"7,8,9,10",ok,"v_perp,log_psd,deriv,second_deriv",20.0,VDF_eas_forFitting_20220302121509_20220302122509_1min.h5,3977.0,
52,2022-03-02 12:57:09,440256120.42172825,55.104745266545564,5151,"7,8,9,10",ok,"v_perp,log_psd,deriv,second_deriv",20.0,VDF_eas_forFitting_20220302121509_20220302122509_1min.h5,4077.0,
53,2022-03-02 12:58:09,439272709.82763594,54.85884264594741,5276,"7,8,9,10",ok,"v_perp,log_psd,deriv,second_deriv",20.0,VDF_eas_forFitting_20220302121509_20220302122509_1min.h5,4154.0,
54,2022-03-02 12:59:09,441191532.1507372,55.33915602029213,5356,"7,8,9,10",ok,"v_perp,log_psd,deriv,second_deriv",20.0,VDF_eas_forFitting_20220302121509_20220302122509_1min.h5,4211.0,
55,2022-03-02 13:00:09,439931542.3362921,55.02352345609298,5235,"7,8,9,10",ok,"v_perp,log_psd,deriv,second_deriv",20.0,VDF_eas_forFitting_20220302121509_20220302122509_1min.h5,4153.0,
56,2022-03-02 13:01:09,407026267.0610718,47.1002344052904,5097,"7,8,9,10",ok,"v_perp,log_psd,deriv,second_deriv",20.0,VDF_eas_forFitting_20220302121509_20220302122509_1min.h5,3822.0,
57,2022-03-02 13:02:09,440834464.11129373,55.24961736679736,5389,"7,8,9,10",ok,"v_perp,log_psd,deriv,second_deriv",20.0,VDF_eas_forFitting_20220302121509_20220302122509_1min.h5,4257.0,
58,2022-03-02 13:03:09,441128087.0747495,55.32324118849965,5209,"7,8,9,10",ok,"v_perp,log_psd,deriv,second_deriv",20.0,VDF_eas_forFitting_20220302121509_20220302122509_1min.h5,4176.0,
59,2022-03-02 13:04:09,436633947.7352549,54.20173539651,5244,"7,8,9,10",ok,"v_perp,log_psd,deriv,second_deriv",20.0,VDF_eas_forFitting_20220302121509_20220302122509_1min.h5,4173.0,
60,2022-03-02 13:05:09,440763662.7721418,55.23187178160559,5285,"7,8,9,10",ok,"v_perp,log_psd,deriv,second_deriv",20.0,VDF_eas_forFitting_20220302121509_20220302122509_1min.h5,4158.0,
61,2022-03-02 13:06:09,439944081.8081989,55.026660197578074,5258,"7,8,9,10",ok,"v_perp,log_psd,deriv,second_deriv",20.0,VDF_eas_forFitting_20220302121509_20220302122509_1min.h5,4146.0,
62,2022-03-02 13:07:09,441120117.14461714,55.32124213925848,5587,"7,8,9,10",ok,"v_perp,log_psd,deriv,second_deriv",20.0,VDF_eas_forFitting_20220302121509_20220302122509_1min.h5,4378.0,
63,2022-03-02 13:08:09,440945412.45462334,55.27743109458058,5508,"7,8,9,10",ok,"v_perp,log_psd,deriv,second_deriv",20.0,VDF_eas_forFitting_20220302121509_20220302122509_1min.h5,4320.0,
64,2022-03-02 13:09:09,440286684.39776176,55.11239662445966,5142,"7,8,9,10",ok,"v_perp,log_psd,deriv,second_deriv",20.0,VDF_eas_forFitting_20220302121509_20220302122509_1min.h5,4106.0,
65,2022-03-02 13:10:09,440416009.9479772,55.14477774359196,5194,"7,8,9,10",ok,"v_perp,log_psd,deriv,second_deriv",20.0,VDF_eas_forFitting_20220302121509_20220302122509_1min.h5,4192.0,
66,2022-03-02 13:11:09,439956679.5996291,55.02981161768814,5424,"7,8,9,10",ok,"v_perp,log_psd,deriv,second_deriv",20.0,VDF_eas_forFitting_20220302121509_20220302122509_1min.h5,4283.0,
67,2022-03-02 13:12:09,439319366.6698102,54.87049680171551,5137,"7,8,9,10",ok,"v_perp,log_psd,deriv,second_deriv",20.0,VDF_eas_forFitting_20220302121509_20220302122509_1min.h5,4160.0,
68,2022-03-02 13:13:09,440886419.38810325,55.262641204777026,5402,"7,8,9,10",ok,"v_perp,log_psd,deriv,second_deriv",20.0,VDF_eas_forFitting_20220302121509_20220302122509_1min.h5,4420.0,
69,2022-03-02 13:14:09,436367064.3435909,54.135496286285,5052,"7,8,9,10",ok,"v_perp,log_psd,deriv,second_deriv",20.0,VDF_eas_forFitting_20220302121509_20220302122509_1min.h5,4037.0,
70,2022-03-02 13:15:09,440645588.32254404,55.20228404601978,5087,"7,8,9,10",ok,"v_perp,log_psd,deriv,second_deriv",20.0,VDF_eas_forFitting_20220302121509_20220302122509_1min.h5,4123.0,
71,2022-03-02 13:16:09,440931533.0255196,55.27395126651321,5165,"7,8,9,10",ok,"v_perp,log_psd,deriv,second_deriv",20.0,VDF_eas_forFitting_20220302121509_20220302122509_1min.h5,4217.0,
72,2022-03-02 13:17:09,439887718.65647215,55.01256169072605,5101,"7,8,9,10",ok,"v_perp,log_psd,deriv,second_deriv",20.0,VDF_eas_forFitting_20220302121509_20220302122509_1min.h5,4063.0,
73,2022-03-02 13:18:09,406956680.5221758,47.08413096239737,5294,"7,8,9,10",ok,"v_perp,log_psd,deriv,second_deriv",20.0,VDF_eas_forFitting_20220302121509_20220302122509_1min.h5,3904.0,
74,2022-03-02 13:19:09,439764876.6740636,54.98184063051843,5209,"7,8,9,10",ok,"v_perp,log_psd,deriv,second_deriv",20.0,VDF_eas_forFitting_20220302121509_20220302122509_1min.h5,4134.0,
75,2022-03-02 13:20:09,473408260.43325084,63.71619868764018,5276,"7,8,9,10",ok,"v_perp,log_psd,deriv,second_deriv",20.0,VDF_eas_forFitting_20220302121509_20220302122509_1min.h5,4389.0,
76,2022-03-02 13:21:09,439823930.91002893,54.99660819732442,5168,"7,8,9,10",ok,"v_perp,log_psd,deriv,second_deriv",20.0,VDF_eas_forFitting_20220302121509_20220302122509_1min.h5,4115.0,
77,2022-03-02 13:22:09,436401727.40129644,54.14409719371136,5138,"7,8,9,10",ok,"v_perp,log_psd,deriv,second_deriv",20.0,VDF_eas_forFitting_20220302121509_20220302122509_1min.h5,4007.0,
78,2022-03-02 13:23:09,440902113.6163148,55.266575641862026,5170,"7,8,9,10",ok,"v_perp,log_psd,deriv,second_deriv",20.0,VDF_eas_forFitting_20220302121509_20220302122509_1min.h5,4181.0,
79,2022-03-02 13:24:09,464831265.7141575,61.42835124149946,5375,"7,8,9,10",ok,"v_perp,log_psd,deriv,second_deriv",20.0,VDF_eas_forFitting_20220302121509_20220302122509_1min.h5,4377.0,
80,2022-03-02 13:25:09,440144161.0587256,55.07672199815356,5490,"7,8,9,10",ok,"v_perp,log_psd,deriv,second_deriv",20.0,VDF_eas_forFitting_20220302121509_20220302122509_1min.h5,4280.0,
81,2022-03-02 13:26:09,440737779.84082663,55.22538521798694,5268,"7,8,9,10",ok,"v_perp,log_psd,deriv,second_deriv",20.0,VDF_eas_forFitting_20220302121509_20220302122509_1min.h5,4244.0,
82,2022-03-02 13:27:09,431183647.34144413,52.85703019429203,5238,"7,8,9,10",ok,"v_perp,log_psd,deriv,second_deriv",20.0,VDF_eas_forFitting_20220302121509_20220302122509_1min.h5,4168.0,
83,2022-03-02 13:28:09,428723795.65500325,52.25566425656141,5198,"7,8,9,10",ok,"v_perp,log_psd,deriv,second_deriv",20.0,VDF_eas_forFitting_20220302121509_20220302122509_1min.h5,4092.0,
84,2022-03-02 13:29:09,437492039.9415154,54.41498399425795,5220,"7,8,9,10",ok,"v_perp,log_psd,deriv,second_deriv",20.0,VDF_eas_forFitting_20220302121509_20220302122509_1min.h5,4198.0,
85,2022-03-02 13:30:09,439377445.23563117,54.88500565632727,5247,"7,8,9,10",ok,"v_perp,log_psd,deriv,second_deriv",20.0,VDF_eas_forFitting_20220302121509_20220302122509_1min.h5,4202.0,
86,2022-03-02 13:31:09,437626656.4726089,54.44847618471259,5277,"7,8,9,10",ok,"v_perp,log_psd,deriv,second_deriv",20.0,VDF_eas_forFitting_20220302121509_20220302122509_1min.h5,4200.0,
87,2022-03-02 13:32:09,439216568.6086071,54.844821080654434,5276,"7,8,9,10",ok,"v_perp,log_psd,deriv,second_deriv",20.0,VDF_eas_forFitting_20220302121509_20220302122509_1min.h5,4187.0,
88,2022-03-02 13:33:09,437902048.8581543,54.51702508821749,5259,"7,8,9,10",ok,"v_perp,log_psd,deriv,second_deriv",20.0,VDF_eas_forFitting_20220302121509_20220302122509_1min.h5,4167.0,
89,2022-03-02 13:34:09,439264153.0183529,54.856705421979214,5324,"7,8,9,10",ok,"v_perp,log_psd,deriv,second_deriv",20.0,VDF_eas_forFitting_20220302121509_20220302122509_1min.h5,4218.0,
90,2022-03-02 13:35:09,433761284.19264114,53.49088295291722,5110,"7,8,9,10",ok,"v_perp,log_psd,deriv,second_deriv",20.0,VDF_eas_forFitting_20220302121509_20220302122509_1min.h5,3929.0,
91,2022-03-02 13:36:09,436302215.32060367,54.119407202253655,5484,"7,8,9,10",ok,"v_perp,log_psd,deriv,second_deriv",20.0,VDF_eas_forFitting_20220302121509_20220302122509_1min.h5,4235.0,
92,2022-03-02 13:37:09,439875896.8916196,55.009604859690306,5587,"7,8,9,10",ok,"v_perp,log_psd,deriv,second_deriv",20.0,VDF_eas_forFitting_20220302121509_20220302122509_1min.h5,4274.0,
93,2022-03-02 13:38:09,436289350.50820166,54.11621571831475,5382,"7,8,9,10",ok,"v_perp,log_psd,deriv,second_deriv",20.0,VDF_eas_forFitting_20220302121509_20220302122509_1min.h5,3984.0,
94,2022-03-02 13:39:09,441115976.2391746,55.32020351531665,5436,"7,8,9,10",ok,"v_perp,log_psd,deriv,second_deriv",20.0,VDF_eas_forFitting_20220302121509_20220302122509_1min.h5,4099.0,
95,2022-03-02 13:40:09,461282431.12011844,60.49396107359958,5259,"7,8,9,10",ok,"v_perp,log_psd,deriv,second_deriv",20.0,VDF_eas_forFitting_20220302121509_20220302122509_1min.h5,4140.0,
96,2022-03-02 13:41:09,440587795.4138241,55.18780487529629,5395,"7,8,9,10",ok,"v_perp,log_psd,deriv,second_deriv",20.0,VDF_eas_forFitting_20220302121509_20220302122509_1min.h5,3859.0,
97,2022-03-02 13:42:09,433309964.48140997,53.379628530889036,5033,"7,8,9,10",ok,"v_perp,log_psd,deriv,second_deriv",20.0,VDF_eas_forFitting_20220302121509_20220302122509_1min.h5,3566.0,
98,2022-03-02 13:43:09,461000052.71084577,60.41991984057297,4629,"7,8,9,10",ok,"v_perp,log_psd,deriv,second_deriv",20.0,VDF_eas_forFitting_20220302121509_20220302122509_1min.h5,3898.0,
99,2022-03-02 13:44:09,440742694.07909405,55.226616753955916,5160,"7,8,9,10",ok,"v_perp,log_psd,deriv,second_deriv",20.0,VDF_eas_forFitting_20220302121509_20220302122509_1min.h5,3991.0,
100,2022-03-02 13:45:09,438481691.5781099,54.66144693421876,4919,"7,8,9,10",ok,"v_perp,log_psd,deriv,second_deriv",20.0,VDF_eas_forFitting_20220302121509_20220302122509_1min.h5,3869.0,
101,2022-03-02 13:46:09,439842403.78199613,55.001228076169646,4966,"7,8,9,10",ok,"v_perp,log_psd,deriv,second_deriv",20.0,VDF_eas_forFitting_20220302121509_20220302122509_1min.h5,4110.0,
102,2022-03-02 13:47:09,440448140.3125662,55.15282416518117,4895,"7,8,9,10",ok,"v_perp,log_psd,deriv,second_deriv",20.0,VDF_eas_forFitting_20220302121509_20220302122509_1min.h5,4091.0,
103,2022-03-02 13:48:09,407572140.2128582,47.226653735713974,5161,"7,8,9,10",ok,"v_perp,log_psd,deriv,second_deriv",20.0,VDF_eas_forFitting_20220302121509_20220302122509_1min.h5,3962.0,
104,2022-03-02 13:49:09,440676686.25825083,55.21007596633691,5039,"7,8,9,10",ok,"v_perp,log_psd,deriv,second_deriv",20.0,VDF_eas_forFitting_20220302121509_20220302122509_1min.h5,4166.0,
105,2022-03-02 13:50:09,440843828.09731215,55.2519645614084,5151,"7,8,9,10",ok,"v_perp,log_psd,deriv,second_deriv",20.0,VDF_eas_forFitting_20220302121509_20220302122509_1min.h5,4271.0,
106,2022-03-02 13:51:09,464889593.2942682,61.44376841387956,5134,"7,8,9,10",ok,"v_perp,log_psd,deriv,second_deriv",20.0,VDF_eas_forFitting_20220302121509_20220302122509_1min.h5,4302.0,
107,2022-03-02 13:52:09,441045937.4920557,55.30263783935223,5244,"7,8,9,10",ok,"v_perp,log_psd,deriv,second_deriv",20.0,VDF_eas_forFitting_20220302121509_20220302122509_1min.h5,4261.0,
108,2022-03-02 13:53:09,441342487.5052506,55.37703150265694,5264,"7,8,9,10",ok,"v_perp,log_psd,deriv,second_deriv",20.0,VDF_eas_forFitting_20220302121509_20220302122509_1min.h5,4172.0,
109,2022-03-02 13:54:09,440624413.6472298,55.19697881938201,5466,"7,8,9,10",ok,"v_perp,log_psd,deriv,second_deriv",20.0,VDF_eas_forFitting_20220302121509_20220302122509_1min.h5,4374.0,
110,2022-03-02 13:55:09,434285855.3433663,53.62034006287039,5392,"7,8,9,10",ok,"v_perp,log_psd,deriv,second_deriv",20.0,VDF_eas_forFitting_20220302121509_20220302122509_1min.h5,4219.0,
111,2022-03-02 13:56:09,440975060.1619738,55.28486468680888,5424,"7,8,9,10",ok,"v_perp,log_psd,deriv,second_deriv",20.0,VDF_eas_forFitting_20220302121509_20220302122509_1min.h5,4348.0,
112,2022-03-02 13:57:09,438237859.90122706,54.600671368258595,5460,"7,8,9,10",ok,"v_perp,log_psd,deriv,second_deriv",20.0,VDF_eas_forFitting_20220302121509_20220302122509_1min.h5,4313.0,
113,2022-03-02 13:58:09,439087172.67526245,54.812510589864814,5251,"7,8,9,10",ok,"v_perp,log_psd,deriv,second_deriv",20.0,VDF_eas_forFitting_20220302121509_20220302122509_1min.h5,4210.0,
114,2022-03-02 13:59:09,408794475.1871507,47.510350034103844,5402,"7,8,9,10",ok,"v_perp,log_psd,deriv,second_deriv",20.0,VDF_eas_forFitting_20220302121509_20220302122509_1min.h5,4010.0,
115,2022-03-02 14:00:09,442563389.93754435,55.68383843993184,5460,"7,8,9,10",ok,"v_perp,log_psd,deriv,second_deriv",20.0,VDF_eas_forFitting_20220302121509_20220302122509_1min.h5,4348.0,
116,2022-03-02 14:01:09,410119736.26108056,47.81889470123121,5593,"7,8,9,10",ok,"v_perp,log_psd,deriv,second_deriv",20.0,VDF_eas_forFitting_20220302121509_20220302122509_1min.h5,4112.0,
117,2022-03-02 14:02:09,442266816.34844744,55.60923298073683,5409,"7,8,9,10",ok,"v_perp,log_psd,deriv,second_deriv",20.0,VDF_eas_forFitting_20220302121509_20220302122509_1min.h5,4290.0,
118,2022-03-02 14:03:09,442841940.2200092,55.753955537401445,5566,"7,8,9,10",ok,"v_perp,log_psd,deriv,second_deriv",20.0,VDF_eas_forFitting_20220302121509_20220302122509_1min.h5,4391.0,
119,2022-03-02 14:04:09,442539515.86307305,55.67783087455813,5635,"7,8,9,10",ok,"v_perp,log_psd,deriv,second_deriv",20.0,VDF_eas_forFitting_20220302121509_20220302122509_1min.h5,4444.0,
120,2022-03-02 14:05:09,441844037.68528354,55.50296608891554,5652,"7,8,9,10",ok,"v_perp,log_psd,deriv,second_deriv",20.0,VDF_eas_forFitting_20220302121509_20220302122509_1min.h5,4462.0,
121,2022-03-02 14:06:09,442579162.15855664,55.68780746889574,5673,"7,8,9,10",ok,"v_perp,log_psd,deriv,second_deriv",20.0,VDF_eas_forFitting_20220302121509_20220302122509_1min.h5,4474.0,
122,2022-03-02 14:07:09,442187942.4545781,55.589400040674484,5526,"7,8,9,10",ok,"v_perp,log_psd,deriv,second_deriv",20.0,VDF_eas_forFitting_20220302121509_20220302122509_1min.h5,4362.0,
123,2022-03-02 14:08:09,438928635.79337156,54.77293650851091,5488,"7,8,9,10",ok,"v_perp,log_psd,deriv,second_deriv",20.0,VDF_eas_forFitting_20220302121509_20220302122509_1min.h5,4343.0,
124,2022-03-02 14:09:09,441820437.3561427,55.49703705887973,5273,"7,8,9,10",ok,"v_perp,log_psd,deriv,second_deriv",20.0,VDF_eas_forFitting_20220302121509_20220302122509_1min.h5,4200.0,
125,2022-03-02 14:10:09,442456973.6089713,55.65706280798586,5468,"7,8,9,10",ok,"v_perp,log_psd,deriv,second_deriv",20.0,VDF_eas_forFitting_20220302121509_20220302122509_1min.h5,4392.0,
126,2022-03-02 14:11:09,436764373.54154766,54.23412115536003,5402,"7,8,9,10",ok,"v_perp,log_psd,deriv,second_deriv",20.0,VDF_eas_forFitting_20220302121509_20220302122509_1min.h5,4269.0,
127,2022-03-02 14:12:09,440307567.88487524,55.11762488305074,5414,"7,8,9,10",ok,"v_perp,log_psd,deriv,second_deriv",20.0,VDF_eas_forFitting_20220302121509_20220302122509_1min.h5,4269.0,
128,2022-03-02 14:13:09,442704677.3152106,55.719397998264974,5424,"7,8,9,10",ok,"v_perp,log_psd,deriv,second_deriv",20.0,VDF_eas_forFitting_20220302121509_20220302122509_1min.h5,4353.0,
129,2022-03-02 14:14:09,441918526.4044323,55.52168171251392,5618,"7,8,9,10",ok,"v_perp,log_psd,deriv,second_deriv",20.0,VDF_eas_forFitting_20220302121509_20220302122509_1min.h5,4425.0,
130,2022-03-02 14:15:09,441674987.0523165,55.46050306664889,5441,"7,8,9,10",ok,"v_perp,log_psd,deriv,second_deriv",20.0,VDF_eas_forFitting_20220302121509_20220302122509_1min.h5,4312.0,
131,2022-03-02 14:16:09,442420368.9548947,55.64785412384771,5466,"7,8,9,10",ok,"v_perp,log_psd,deriv,second_deriv",20.0,VDF_eas_forFitting_20220302121509_20220302122509_1min.h5,4330.0,
132,2022-03-02 14:17:09,409565633.13004297,47.68976802202275,5344,"7,8,9,10",ok,"v_perp,log_psd,deriv,second_deriv",20.0,VDF_eas_forFitting_20220302121509_20220302122509_1min.h5,3993.0,
133,2022-03-02 14:18:09,442092722.77846193,55.565461645949945,5423,"7,8,9,10",ok,"v_perp,log_psd,deriv,second_deriv",20.0,VDF_eas_forFitting_20220302121509_20220302122509_1min.h5,4274.0,
134,2022-03-02 14:19:09,442474781.4103913,55.66154301702986,5427,"7,8,9,10",ok,"v_perp,log_psd,deriv,second_deriv",20.0,VDF_eas_forFitting_20220302121509_20220302122509_1min.h5,4318.0,
135,2022-03-02 14:20:09,442284746.71631074,55.61374208781499,5381,"7,8,9,10",ok,"v_perp,log_psd,deriv,second_deriv",20.0,VDF_eas_forFitting_20220302121509_20220302122509_1min.h5,4256.0,
136,2022-03-02 14:21:09,440908731.1811233,55.26823466267144,5472,"7,8,9,10",ok,"v_perp,log_psd,deriv,second_deriv",20.0,VDF_eas_forFitting_20220302121509_20220302122509_1min.h5,4272.0,
137,2022-03-02 14:22:09,441823719.0856438,55.49786149760974,5511,"7,8,9,10",ok,"v_perp,log_psd,deriv,second_deriv",20.0,VDF_eas_forFitting_20220302121509_20220302122509_1min.h5,4317.0,
138,2022-03-02 14:23:09,436804688.9374723,54.2441337438868,5477,"7,8,9,10",ok,"v_perp,log_psd,deriv,second_deriv",20.0,VDF_eas_forFitting_20220302121509_20220302122509_1min.h5,4254.0,
139,2022-03-02 14:24:09,441394058.3643962,55.38997386839269,5570,"7,8,9,10",ok,"v_perp,log_psd,deriv,second_deriv",20.0,VDF_eas_forFitting_20220302121509_20220302122509_1min.h5,4404.0,
140,2022-03-02 14:25:09,440440496.91699475,55.15090997299539,5267,"7,8,9,10",ok,"v_perp,log_psd,deriv,second_deriv",20.0,VDF_eas_forFitting_20220302121509_20220302122509_1min.h5,4082.0,
141,2022-03-02 14:26:09,441398141.3993696,55.39099862276904,5289,"7,8,9,10",ok,"v_perp,log_psd,deriv,second_deriv",20.0,VDF_eas_forFitting_20220302121509_20220302122509_1min.h5,4206.0,
142,2022-03-02 14:27:09,441105394.0208215,55.31754932239427,5413,"7,8,9,10",ok,"v_perp,log_psd,deriv,second_deriv",20.0,VDF_eas_forFitting_20220302121509_20220302122509_1min.h5,4324.0,
143,2022-03-02 14:28:09,441658601.1340969,55.45638802986017,5322,"7,8,9,10",ok,"v_perp,log_psd,deriv,second_deriv",20.0,VDF_eas_forFitting_20220302121509_20220302122509_1min.h5,4288.0,
144,2022-03-02 14:29:09,440502164.7984573,55.16635486464067,5459,"7,8,9,10",ok,"v_perp,log_psd,deriv,second_deriv",20.0,VDF_eas_forFitting_20220302121509_20220302122509_1min.h5,4318.0,
145,2022-03-02 14:30:09,441316967.76993203,55.37062755846956,5422,"7,8,9,10",ok,"v_perp,log_psd,deriv,second_deriv",20.0,VDF_eas_forFitting_20220302121509_20220302122509_1min.h5,4308.0,
146,2022-03-02 14:31:09,432621817.6032447,53.210216979939034,5113,"7,8,9,10",ok,"v_perp,log_psd,deriv,second_deriv",20.0,VDF_eas_forFitting_20220302121509_20220302122509_1min.h5,3826.0,
147,2022-03-02 14:32:09,431743252.12497467,52.99431852360764,5402,"7,8,9,10",ok,"v_perp,log_psd,deriv,second_deriv",20.0,VDF_eas_forFitting_20220302121509_20220302122509_1min.h5,4138.0,
148,2022-03-02 14:33:09,440970895.6951775,55.28382049670837,5394,"7,8,9,10",ok,"v_perp,log_psd,deriv,second_deriv",20.0,VDF_eas_forFitting_20220302121509_20220302122509_1min.h5,4237.0,
149,2022-03-02 14:34:09,436412982.4938863,54.14689005472551,5049,"7,8,9,10",ok,"v_perp,log_psd,deriv,second_deriv",20.0,VDF_eas_forFitting_20220302121509_20220302122509_1min.h5,3962.0,
150,2022-03-02 14:35:09,440286137.29795045,55.11225965932248,5570,"7,8,9,10",ok,"v_perp,log_psd,deriv,second_deriv",20.0,VDF_eas_forFitting_20220302121509_20220302122509_1min.h5,4276.0,
151,2022-03-02 14:36:09,441472707.82598954,55.409714866985695,5444,"7,8,9,10",ok,"v_perp,log_psd,deriv,second_deriv",20.0,VDF_eas_forFitting_20220302121509_20220302122509_1min.h5,4274.0,
152,2022-03-02 14:37:09,440367317.2800105,55.13258473581572,5407,"7,8,9,10",ok,"v_perp,log_psd,deriv,second_deriv",20.0,VDF_eas_forFitting_20220302121509_20220302122509_1min.h5,4271.0,
153,2022-03-02 14:38:09,440311293.3998754,55.11855760563816,5345,"7,8,9,10",ok,"v_perp,log_psd,deriv,second_deriv",20.0,VDF_eas_forFitting_20220302121509_20220302122509_1min.h5,4169.0,
154,2022-03-02 14:39:09,441035961.78397477,55.300136164650205,5273,"7,8,9,10",ok,"v_perp,log_psd,deriv,second_deriv",20.0,VDF_eas_forFitting_20220302121509_20220302122509_1min.h5,4167.0,
155,2022-03-02 14:40:09,406578500.4300459,46.996662156735496,5181,"7,8,9,10",ok,"v_perp,log_psd,deriv,second_deriv",20.0,VDF_eas_forFitting_20220302121509_20220302122509_1min.h5,3879.0,
156,2022-03-02 14:41:09,437995356.57212573,54.540260425654644,5180,"7,8,9,10",ok,"v_perp,log_psd,deriv,second_deriv",20.0,VDF_eas_forFitting_20220302121509_20220302122509_1min.h5,4141.0,
157,2022-03-02 14:42:09,442380498.2028334,55.637824649732025,5366,"7,8,9,10",ok,"v_perp,log_psd,deriv,second_deriv",20.0,VDF_eas_forFitting_20220302121509_20220302122509_1min.h5,4286.0,
158,2022-03-02 14:43:09,442225709.384924,55.598896141556246,5288,"7,8,9,10",ok,"v_perp,log_psd,deriv,second_deriv",20.0,VDF_eas_forFitting_20220302121509_20220302122509_1min.h5,4274.0,
159,2022-03-02 14:44:09,442864302.9995367,55.759586643144715,5233,"7,8,9,10",ok,"v_perp,log_psd,deriv,second_deriv",20.0,VDF_eas_forFitting_20220302121509_20220302122509_1min.h5,4313.0,
160,2022-03-02 14:45:09,441488331.43858165,55.41363680925768,5357,"7,8,9,10",ok,"v_perp,log_psd,deriv,second_deriv",20.0,VDF_eas_forFitting_20220302121509_20220302122509_1min.h5,4323.0,
161,2022-03-02 14:46:09,442162384.026045,55.58297410042912,5254,"7,8,9,10",ok,"v_perp,log_psd,deriv,second_deriv",20.0,VDF_eas_forFitting_20220302121509_20220302122509_1min.h5,4178.0,
162,2022-03-02 14:47:09,442014847.3373954,55.54588745488074,5332,"7,8,9,10",ok,"v_perp,log_psd,deriv,second_deriv",20.0,VDF_eas_forFitting_20220302121509_20220302122509_1min.h5,4294.0,
163,2022-03-02 14:48:09,410084909.2793226,47.81077357505939,5417,"7,8,9,10",ok,"v_perp,log_psd,deriv,second_deriv",20.0,VDF_eas_forFitting_20220302121509_20220302122509_1min.h5,4086.0,
164,2022-03-02 14:49:09,379003426.6113189,40.83800026725507,5423,"7,8,9,10",ok,"v_perp,log_psd,deriv,second_deriv",20.0,VDF_eas_forFitting_20220302121509_20220302122509_1min.h5,3745.0,
165,2022-03-02 14:50:09,442217980.96663785,55.5969528453533,5292,"7,8,9,10",ok,"v_perp,log_psd,deriv,second_deriv",20.0,VDF_eas_forFitting_20220302121509_20220302122509_1min.h5,4254.0,
166,2022-03-02 14:51:09,442599433.0010793,55.69290876928887,5369,"7,8,9,10",ok,"v_perp,log_psd,deriv,second_deriv",20.0,VDF_eas_forFitting_20220302121509_20220302122509_1min.h5,4331.0,
167,2022-03-02 14:52:09,441322899.63345784,55.372116072337825,5293,"7,8,9,10",ok,"v_perp,log_psd,deriv,second_deriv",20.0,VDF_eas_forFitting_20220302121509_20220302122509_1min.h5,4206.0,
168,2022-03-02 14:53:09,442018034.49635184,55.54668848775108,5220,"7,8,9,10",ok,"v_perp,log_psd,deriv,second_deriv",20.0,VDF_eas_forFitting_20220302121509_20220302122509_1min.h5,4209.0,
169,2022-03-02 14:54:09,442222954.2264217,55.598203358251304,5430,"7,8,9,10",ok,"v_perp,log_psd,deriv,second_deriv",20.0,VDF_eas_forFitting_20220302121509_20220302122509_1min.h5,4385.0,
170,2022-03-02 14:55:09,441357414.14147276,55.38077737714578,5323,"7,8,9,10",ok,"v_perp,log_psd,deriv,second_deriv",20.0,VDF_eas_forFitting_20220302121509_20220302122509_1min.h5,4248.0,
171,2022-03-02 14:56:09,442047598.2970752,55.55411907210906,5318,"7,8,9,10",ok,"v_perp,log_psd,deriv,second_deriv",20.0,VDF_eas_forFitting_20220302121509_20220302122509_1min.h5,4317.0,
172,2022-03-02 14:57:09,441693277.6746868,55.46509661689324,5382,"7,8,9,10",ok,"v_perp,log_psd,deriv,second_deriv",20.0,VDF_eas_forFitting_20220302121509_20220302122509_1min.h5,4308.0,
173,2022-03-02 14:58:09,442067876.0579509,55.55921598467886,5425,"7,8,9,10",ok,"v_perp,log_psd,deriv,second_deriv",20.0,VDF_eas_forFitting_20220302121509_20220302122509_1min.h5,4323.0,
174,2022-03-02 14:59:09,441898420.4738656,55.51662969674037,5312,"7,8,9,10",ok,"v_perp,log_psd,deriv,second_deriv",20.0,VDF_eas_forFitting_20220302121509_20220302122509_1min.h5,4277.0,
175,2022-03-02 15:00:09,441955134.1472185,55.53088072774886,5350,"7,8,9,10",ok,"v_perp,log_psd,deriv,second_deriv",20.0,VDF_eas_forFitting_20220302121509_20220302122509_1min.h5,4292.0,
176,2022-03-02 15:01:09,442464627.243672,55.65898833989949,5298,"7,8,9,10",ok,"v_perp,log_psd,deriv,second_deriv",20.0,VDF_eas_forFitting_20220302121509_20220302122509_1min.h5,4304.0,
177,2022-03-02 15:02:09,436720135.4541109,54.223135404526154,5413,"7,8,9,10",ok,"v_perp,log_psd,deriv,second_deriv",20.0,VDF_eas_forFitting_20220302121509_20220302122509_1min.h5,4262.0,
178,2022-03-02 15:03:09,433692390.3770435,53.47389250907986,5547,"7,8,9,10",ok,"v_perp,log_psd,deriv,second_deriv",20.0,VDF_eas_forFitting_20220302121509_20220302122509_1min.h5,4326.0,
179,2022-03-02 15:04:09,437948368.12522346,54.528558819118686,5386,"7,8,9,10",ok,"v_perp,log_psd,deriv,second_deriv",20.0,VDF_eas_forFitting_20220302121509_20220302122509_1min.h5,4289.0,
180,2022-03-02 15:05:09,441666441.99456096,55.458357105789155,5479,"7,8,9,10",ok,"v_perp,log_psd,deriv,second_deriv",20.0,VDF_eas_forFitting_20220302121509_20220302122509_1min.h5,4347.0,
181,2022-03-02 15:06:09,441076909.3695749,55.31040522374714,5349,"7,8,9,10",ok,"v_perp,log_psd,deriv,second_deriv",20.0,VDF_eas_forFitting_20220302121509_20220302122509_1min.h5,4276.0,
182,2022-03-02 15:07:09,441385476.790552,55.38782010795453,5341,"7,8,9,10",ok,"v_perp,log_psd,deriv,second_deriv",20.0,VDF_eas_forFitting_20220302121509_20220302122509_1min.h5,4277.0,
183,2022-03-02 15:08:09,442060707.70971507,55.55741415921086,5198,"7,8,9,10",ok,"v_perp,log_psd,deriv,second_deriv",20.0,VDF_eas_forFitting_20220302121509_20220302122509_1min.h5,4178.0,
184,2022-03-02 15:09:09,440821456.5322751,55.24635694494086,5400,"7,8,9,10",ok,"v_perp,log_psd,deriv,second_deriv",20.0,VDF_eas_forFitting_20220302121509_20220302122509_1min.h5,4301.0,
185,2022-03-02 15:10:09,439899992.74726015,55.01563174050658,5415,"7,8,9,10",ok,"v_perp,log_psd,deriv,second_deriv",20.0,VDF_eas_forFitting_20220302121509_20220302122509_1min.h5,4316.0,
186,2022-03-02 15:11:09,440875320.5327032,55.25985888118285,5413,"7,8,9,10",ok,"v_perp,log_psd,deriv,second_deriv",20.0,VDF_eas_forFitting_20220302121509_20220302122509_1min.h5,4337.0,
187,2022-03-02 15:12:09,441003522.7072677,55.292001592676655,5549,"7,8,9,10",ok,"v_perp,log_psd,deriv,second_deriv",20.0,VDF_eas_forFitting_20220302121509_20220302122509_1min.h5,4436.0,
188,2022-03-02 15:13:09,441225547.59064496,55.34768953992718,5510,"7,8,9,10",ok,"v_perp,log_psd,deriv,second_deriv",20.0,VDF_eas_forFitting_20220302121509_20220302122509_1min.h5,4368.0,
189,2022-03-02 15:14:09,464074527.29462487,61.22850515430374,5400,"7,8,9,10",ok,"v_perp,log_psd,deriv,second_deriv",20.0,VDF_eas_forFitting_20220302121509_20220302122509_1min.h5,4502.0,
190,2022-03-02 15:15:09,441877971.6090978,55.511491747684545,5544,"7,8,9,10",ok,"v_perp,log_psd,deriv,second_deriv",20.0,VDF_eas_forFitting_20220302121509_20220302122509_1min.h5,4461.0,
191,2022-03-02 15:16:09,441806978.73211247,55.493656036558136,5465,"7,8,9,10",ok,"v_perp,log_psd,deriv,second_deriv",20.0,VDF_eas_forFitting_20220302121509_20220302122509_1min.h5,4395.0,
192,2022-03-02 15:17:09,441391996.3261744,55.38945634454174,5386,"7,8,9,10",ok,"v_perp,log_psd,deriv,second_deriv",20.0,VDF_eas_forFitting_20220302121509_20220302122509_1min.h5,4379.0,
193,2022-03-02 15:18:09,441758898.885788,55.48157844882135,5030,"7,8,9,10",ok,"v_perp,log_psd,deriv,second_deriv",20.0,VDF_eas_forFitting_20220302121509_20220302122509_1min.h5,4066.0,
194,2022-03-02 15:19:09,409507427.1742142,47.67621399765545,5474,"7,8,9,10",ok,"v_perp,log_psd,deriv,second_deriv",20.0,VDF_eas_forFitting_20220302121509_20220302122509_1min.h5,4092.0,
195,2022-03-02 15:20:09,441922008.9169795,55.52255678655365,5363,"7,8,9,10",ok,"v_perp,log_psd,deriv,second_deriv",20.0,VDF_eas_forFitting_20220302121509_20220302122509_1min.h5,4364.0,
196,2022-03-02 15:21:09,442017754.71280116,55.54661816915046,5394,"7,8,9,10",ok,"v_perp,log_psd,deriv,second_deriv",20.0,VDF_eas_forFitting_20220302121509_20220302122509_1min.h5,4317.0,
197,2022-03-02 15:22:09,441710629.17706686,55.46945449014214,5328,"7,8,9,10",ok,"v_perp,log_psd,deriv,second_deriv",20.0,VDF_eas_forFitting_20220302121509_20220302122509_1min.h5,4289.0,
198,2022-03-02 15:23:09,440923593.1802032,55.27196065056094,5251,"7,8,9,10",ok,"v_perp,log_psd,deriv,second_deriv",20.0,VDF_eas_forFitting_20220302121509_20220302122509_1min.h5,4243.0,
199,2022-03-02 15:24:09,408356165.32728904,47.408523359650495,5412,"7,8,9,10",ok,"v_perp,log_psd,deriv,second_deriv",20.0,VDF_eas_forFitting_20220302121509_20220302122509_1min.h5,4016.0,
200,2022-03-02 15:25:09,441500903.7623448,55.41679289766567,4988,"7,8,9,10",ok,"v_perp,log_psd,deriv,second_deriv",20.0,VDF_eas_forFitting_20220302121509_20220302122509_1min.h5,4023.0,
201,2022-03-02 15:26:09,464099669.9960635,61.23513982885001,5102,"7,8,9,10",ok,"v_perp,log_psd,deriv,second_deriv",20.0,VDF_eas_forFitting_20220302121509_20220302122509_1min.h5,4252.0,
202,2022-03-02 15:27:09,462217795.97385496,60.73954291336083,5026,"7,8,9,10",ok,"v_perp,log_psd,deriv,second_deriv",20.0,VDF_eas_forFitting_20220302121509_20220302122509_1min.h5,4163.0,
203,2022-03-02 15:28:09,408435139.0175701,47.42686219420115,5243,"7,8,9,10",ok,"v_perp,log_psd,deriv,second_deriv",20.0,VDF_eas_forFitting_20220302121509_20220302122509_1min.h5,3992.0,
204,2022-03-02 15:29:09,459737302.9239916,60.089374330765146,4554,"7,8,9,10",ok,"v_perp,log_psd,deriv,second_deriv",20.0,VDF_eas_forFitting_20220302121509_20220302122509_1min.h5,3830.0,
205,2022-03-02 15:30:09,376022508.09544355,40.1981325951398,4991,"7,8,9,10",ok,"v_perp,log_psd,deriv,second_deriv",20.0,VDF_eas_forFitting_20220302121509_20220302122509_1min.h5,3716.0,
206,2022-03-02 15:31:09,431239697.34084797,52.87077296532339,3762,"7,8,9,10",ok,"v_perp,log_psd,deriv,second_deriv",20.0,VDF_eas_forFitting_20220302121509_20220302122509_1min.h5,3000.0,
207,2022-03-02 15:32:09,465640548.4293628,61.64243399474449,4391,"7,8,9,10",ok,"v_perp,log_psd,deriv,second_deriv",20.0,VDF_eas_forFitting_20220302121509_20220302122509_1min.h5,3716.0,
208,2022-03-02 15:33:09,439229854.691728,54.848139188051576,4260,"7,8,9,10",ok,"v_perp,log_psd,deriv,second_deriv",20.0,VDF_eas_forFitting_20220302121509_20220302122509_1min.h5,3512.0,
209,2022-03-02 15:34:09,426574950.95040196,51.733146491319566,4529,"7,8,9,10",ok,"v_perp,log_psd,deriv,second_deriv",20.0,VDF_eas_forFitting_20220302121509_20220302122509_1min.h5,3617.0,
210,2022-03-02 15:35:09,475503260.7309663,64.28138027301192,5307,"7,8,9,10",ok,"v_perp,log_psd,deriv,second_deriv",20.0,VDF_eas_forFitting_20220302121509_20220302122509_1min.h5,4509.0,
211,2022-03-02 15:36:09,408634289.3292923,47.47312352759701,5295,"7,8,9,10",ok,"v_perp,log_psd,deriv,second_deriv",20.0,VDF_eas_forFitting_20220302121509_20220302122509_1min.h5,4097.0,
212,2022-03-02 15:37:09,440483498.16712296,55.161679526937725,5088,"7,8,9,10",ok,"v_perp,log_psd,deriv,second_deriv",20.0,VDF_eas_forFitting_20220302121509_20220302122509_1min.h5,4173.0,
213,2022-03-02 15:38:09,433354479.9480272,53.390596850685,5172,"7,8,9,10",ok,"v_perp,log_psd,deriv,second_deriv",20.0,VDF_eas_forFitting_20220302121509_20220302122509_1min.h5,4120.0,
214,2022-03-02 15:39:09,439154442.20784163,54.829306773595825,5322,"7,8,9,10",ok,"v_perp,log_psd,deriv,second_deriv",20.0,VDF_eas_forFitting_20220302121509_20220302122509_1min.h5,4287.0,
215,2022-03-02 15:40:09,408772250.761517,47.505184301183704,5288,"7,8,9,10",ok,"v_perp,log_psd,deriv,second_deriv",20.0,VDF_eas_forFitting_20220302121509_20220302122509_1min.h5,4049.0,
216,2022-03-02 15:41:09,433155973.2449101,53.341694788074335,5191,"7,8,9,10",ok,"v_perp,log_psd,deriv,second_deriv",20.0,VDF_eas_forFitting_20220302121509_20220302122509_1min.h5,4169.0,
217,2022-03-02 15:42:09,440681850.0697391,55.211369867756204,5337,"7,8,9,10",ok,"v_perp,log_psd,deriv,second_deriv",20.0,VDF_eas_forFitting_20220302121509_20220302122509_1min.h5,4336.0,
218,2022-03-02 15:43:09,440897301.0031409,55.26536913733334,5377,"7,8,9,10",ok,"v_perp,log_psd,deriv,second_deriv",20.0,VDF_eas_forFitting_20220302121509_20220302122509_1min.h5,4324.0,
219,2022-03-02 15:44:09,441553417.19622403,55.42997655882862,5341,"7,8,9,10",ok,"v_perp,log_psd,deriv,second_deriv",20.0,VDF_eas_forFitting_20220302121509_20220302122509_1min.h5,4311.0,
220,2022-03-02 15:45:09,441471765.5908891,55.40947834535428,5377,"7,8,9,10",ok,"v_perp,log_psd,deriv,second_deriv",20.0,VDF_eas_forFitting_20220302121509_20220302122509_1min.h5,4265.0,
221,2022-03-02 15:46:09,440921951.7201028,55.271549120987075,5277,"7,8,9,10",ok,"v_perp,log_psd,deriv,second_deriv",20.0,VDF_eas_forFitting_20220302121509_20220302122509_1min.h5,4264.0,
222,2022-03-02 15:47:09,442141185.6760675,55.57764465977191,5245,"7,8,9,10",ok,"v_perp,log_psd,deriv,second_deriv",20.0,VDF_eas_forFitting_20220302121509_20220302122509_1min.h5,4228.0,
223,2022-03-02 15:48:09,441859033.52772677,55.50673360771245,5163,"7,8,9,10",ok,"v_perp,log_psd,deriv,second_deriv",20.0,VDF_eas_forFitting_20220302121509_20220302122509_1min.h5,4175.0,
224,2022-03-02 15:49:09,441754281.40507495,55.48041861353483,5329,"7,8,9,10",ok,"v_perp,log_psd,deriv,second_deriv",20.0,VDF_eas_forFitting_20220302121509_20220302122509_1min.h5,4270.0,
225,2022-03-02 15:50:09,441038541.9112269,55.300783194906614,5396,"7,8,9,10",ok,"v_perp,log_psd,deriv,second_deriv",20.0,VDF_eas_forFitting_20220302121509_20220302122509_1min.h5,4351.0,
226,2022-03-02 15:51:09,441060804.29149723,55.30636619058453,5466,"7,8,9,10",ok,"v_perp,log_psd,deriv,second_deriv",20.0,VDF_eas_forFitting_20220302121509_20220302122509_1min.h5,4381.0,
227,2022-03-02 15:52:09,438847439.9806636,54.75267389001859,5361,"7,8,9,10",ok,"v_perp,log_psd,deriv,second_deriv",20.0,VDF_eas_forFitting_20220302121509_20220302122509_1min.h5,4289.0,
228,2022-03-02 15:53:09,439143389.96600693,54.82654701951215,5419,"7,8,9,10",ok,"v_perp,log_psd,deriv,second_deriv",20.0,VDF_eas_forFitting_20220302121509_20220302122509_1min.h5,4333.0,
229,2022-03-02 15:54:09,439722605.7266049,54.9712712425574,5185,"7,8,9,10",ok,"v_perp,log_psd,deriv,second_deriv",20.0,VDF_eas_forFitting_20220302121509_20220302122509_1min.h5,4099.0,
230,2022-03-02 15:55:09,433805098.7252177,53.50168980215612,5350,"7,8,9,10",ok,"v_perp,log_psd,deriv,second_deriv",20.0,VDF_eas_forFitting_20220302121509_20220302122509_1min.h5,4206.0,
231,2022-03-02 15:56:09,439708588.9859046,54.96776673419556,5040,"7,8,9,10",ok,"v_perp,log_psd,deriv,second_deriv",20.0,VDF_eas_forFitting_20220302121509_20220302122509_1min.h5,4067.0,
232,2022-03-02 15:57:09,407611735.1559342,47.235830160265216,5246,"7,8,9,10",ok,"v_perp,log_psd,deriv,second_deriv",20.0,VDF_eas_forFitting_20220302121509_20220302122509_1min.h5,3924.0,
233,2022-03-02 15:58:09,440545177.5157347,55.17712879885954,5380,"7,8,9,10",ok,"v_perp,log_psd,deriv,second_deriv",20.0,VDF_eas_forFitting_20220302121509_20220302122509_1min.h5,4273.0,
234,2022-03-02 15:59:09,441590931.0578505,55.43939549081273,5412,"7,8,9,10",ok,"v_perp,log_psd,deriv,second_deriv",20.0,VDF_eas_forFitting_20220302121509_20220302122509_1min.h5,4338.0,
235,2022-03-02 16:00:09,442084330.0628636,55.563351949652784,5371,"7,8,9,10",ok,"v_perp,log_psd,deriv,second_deriv",20.0,VDF_eas_forFitting_20220302121509_20220302122509_1min.h5,4337.0,
236,2022-03-02 16:01:09,432547637.7700465,53.19197108266338,5448,"7,8,9,10",ok,"v_perp,log_psd,deriv,second_deriv",20.0,VDF_eas_forFitting_20220302121509_20220302122509_1min.h5,4283.0,
237,2022-03-02 16:02:09,441930894.9578427,55.524789672261115,5451,"7,8,9,10",ok,"v_perp,log_psd,deriv,second_deriv",20.0,VDF_eas_forFitting_20220302121509_20220302122509_1min.h5,4425.0,
238,2022-03-02 16:03:09,440927882.8451629,55.2730361173759,5403,"7,8,9,10",ok,"v_perp,log_psd,deriv,second_deriv",20.0,VDF_eas_forFitting_20220302121509_20220302122509_1min.h5,4341.0,
239,2022-03-02 16:04:09,442981855.6590694,55.78919190863536,5665,"7,8,9,10",ok,"v_perp,log_psd,deriv,second_deriv",20.0,VDF_eas_forFitting_20220302121509_20220302122509_1min.h5,4433.0,
240,2022-03-02 16:05:09,442572866.3369292,55.68622312856105,5526,"7,8,9,10",ok,"v_perp,log_psd,deriv,second_deriv",20.0,VDF_eas_forFitting_20220302121509_20220302122509_1min.h5,4392.0,
241,2022-03-02 16:06:09,441414502.0497769,55.39510489089377,5476,"7,8,9,10",ok,"v_perp,log_psd,deriv,second_deriv",20.0,VDF_eas_forFitting_20220302121509_20220302122509_1min.h5,4318.0,
242,2022-03-02 16:07:09,443030133.5692973,55.80135282372539,5543,"7,8,9,10",ok,"v_perp,log_psd,deriv,second_deriv",20.0,VDF_eas_forFitting_20220302121509_20220302122509_1min.h5,4419.0,
243,2022-03-02 16:08:09,409171442.42555356,47.59801317174791,5588,"7,8,9,10",ok,"v_perp,log_psd,deriv,second_deriv",20.0,VDF_eas_forFitting_20220302121509_20220302122509_1min.h5,4106.0,
244,2022-03-02 16:09:09,437930203.4797488,54.524035585467765,5079,"7,8,9,10",ok,"v_perp,log_psd,deriv,second_deriv",20.0,VDF_eas_forFitting_20220302121509_20220302122509_1min.h5,4041.0,
245,2022-03-02 16:10:09,442307232.6601748,55.619397083971265,5519,"7,8,9,10",ok,"v_perp,log_psd,deriv,second_deriv",20.0,VDF_eas_forFitting_20220302121509_20220302122509_1min.h5,4365.0,
246,2022-03-02 16:11:09,442476273.6700546,55.661918458157785,5478,"7,8,9,10",ok,"v_perp,log_psd,deriv,second_deriv",20.0,VDF_eas_forFitting_20220302121509_20220302122509_1min.h5,4413.0,
247,2022-03-02 16:12:09,437584213.9190551,54.43791549207155,5571,"7,8,9,10",ok,"v_perp,log_psd,deriv,second_deriv",20.0,VDF_eas_forFitting_20220302121509_20220302122509_1min.h5,4363.0,
248,2022-03-02 16:13:09,442155952.58935744,55.58135715700783,5483,"7,8,9,10",ok,"v_perp,log_psd,deriv,second_deriv",20.0,VDF_eas_forFitting_20220302121509_20220302122509_1min.h5,4329.0,
249,2022-03-02 16:14:09,442008917.54518086,55.54439712774075,5518,"7,8,9,10",ok,"v_perp,log_psd,deriv,second_deriv",20.0,VDF_eas_forFitting_20220302121509_20220302122509_1min.h5,4346.0,
250,2022-03-02 16:15:09,442149526.9420622,55.579741692599534,5574,"7,8,9,10",ok,"v_perp,log_psd,deriv,second_deriv",20.0,VDF_eas_forFitting_20220302121509_20220302122509_1min.h5,4382.0,
251,2022-03-02 16:16:09,442494593.6206344,55.666527720918026,5244,"7,8,9,10",ok,"v_perp,log_psd,deriv,second_deriv",20.0,VDF_eas_forFitting_20220302121509_20220302122509_1min.h5,4149.0,
252,2022-03-02 16:17:09,441803583.99146724,55.49280323949965,5270,"7,8,9,10",ok,"v_perp,log_psd,deriv,second_deriv",20.0,VDF_eas_forFitting_20220302121509_20220302122509_1min.h5,4184.0,
253,2022-03-02 16:18:09,441478391.3238658,55.411141560044285,5364,"7,8,9,10",ok,"v_perp,log_psd,deriv,second_deriv",20.0,VDF_eas_forFitting_20220302121509_20220302122509_1min.h5,4205.0,
254,2022-03-02 16:19:09,442347476.41342485,55.62951871416558,5460,"7,8,9,10",ok,"v_perp,log_psd,deriv,second_deriv",20.0,VDF_eas_forFitting_20220302121509_20220302122509_1min.h5,4286.0,
255,2022-03-02 16:20:09,441561538.59009236,55.432015600059614,5434,"7,8,9,10",ok,"v_perp,log_psd,deriv,second_deriv",20.0,VDF_eas_forFitting_20220302121509_20220302122509_1min.h5,4237.0,
256,2022-03-02 16:21:09,441377201.58258164,55.3857432773476,5539,"7,8,9,10",ok,"v_perp,log_psd,deriv,second_deriv",20.0,VDF_eas_forFitting_20220302121509_20220302122509_1min.h5,4327.0,
257,2022-03-02 16:22:09,442251949.9674194,55.60549453995355,5482,"7,8,9,10",ok,"v_perp,log_psd,deriv,second_deriv",20.0,VDF_eas_forFitting_20220302121509_20220302122509_1min.h5,4299.0,
258,2022-03-02 16:23:09,442839500.5198545,55.75334122088393,5592,"7,8,9,10",ok,"v_perp,log_psd,deriv,second_deriv",20.0,VDF_eas_forFitting_20220302121509_20220302122509_1min.h5,4304.0,
259,2022-03-02 16:24:09,442641878.0463692,55.70359112089876,5365,"7,8,9,10",ok,"v_perp,log_psd,deriv,second_deriv",20.0,VDF_eas_forFitting_20220302121509_20220302122509_1min.h5,4208.0,
260,2022-03-02 16:25:09,442394324.0535533,55.641302435401876,5639,"7,8,9,10",ok,"v_perp,log_psd,deriv,second_deriv",20.0,VDF_eas_forFitting_20220302121509_20220302122509_1min.h5,4383.0,
261,2022-03-02 16:26:09,442500913.95334077,55.668117948204646,5528,"7,8,9,10",ok,"v_perp,log_psd,deriv,second_deriv",20.0,VDF_eas_forFitting_20220302121509_20220302122509_1min.h5,4298.0,
262,2022-03-02 16:27:09,442120939.7606779,55.5725549076044,5518,"7,8,9,10",ok,"v_perp,log_psd,deriv,second_deriv",20.0,VDF_eas_forFitting_20220302121509_20220302122509_1min.h5,4323.0,
263,2022-03-02 16:28:09,441630038.4988558,55.449215388548645,5439,"7,8,9,10",ok,"v_perp,log_psd,deriv,second_deriv",20.0,VDF_eas_forFitting_20220302121509_20220302122509_1min.h5,4234.0,
264,2022-03-02 16:29:09,441864996.4883064,55.50823176288249,5424,"7,8,9,10",ok,"v_perp,log_psd,deriv,second_deriv",20.0,VDF_eas_forFitting_20220302121509_20220302122509_1min.h5,4302.0,
265,2022-03-02 16:30:09,441508030.99578977,55.4185821198594,5316,"7,8,9,10",ok,"v_perp,log_psd,deriv,second_deriv",20.0,VDF_eas_forFitting_20220302121509_20220302122509_1min.h5,4258.0,
266,2022-03-02 16:31:09,442657376.89936376,55.70749204816109,5220,"7,8,9,10",ok,"v_perp,log_psd,deriv,second_deriv",20.0,VDF_eas_forFitting_20220302121509_20220302122509_1min.h5,4230.0,
267,2022-03-02 16:32:09,440150261.5646932,55.078248762470544,5259,"7,8,9,10",ok,"v_perp,log_psd,deriv,second_deriv",20.0,VDF_eas_forFitting_20220302121509_20220302122509_1min.h5,4215.0,
268,2022-03-02 16:33:09,409504881.3822482,47.67562122039558,5418,"7,8,9,10",ok,"v_perp,log_psd,deriv,second_deriv",20.0,VDF_eas_forFitting_20220302121509_20220302122509_1min.h5,4120.0,
269,2022-03-02 16:34:09,441357763.9520438,55.38086516445111,5334,"7,8,9,10",ok,"v_perp,log_psd,deriv,second_deriv",20.0,VDF_eas_forFitting_20220302121509_20220302122509_1min.h5,4216.0,
270,2022-03-02 16:35:09,441631552.07251513,55.44959546512108,5432,"7,8,9,10",ok,"v_perp,log_psd,deriv,second_deriv",20.0,VDF_eas_forFitting_20220302121509_20220302122509_1min.h5,4286.0,
271,2022-03-02 16:36:09,441350264.340377,55.37898310192626,5427,"7,8,9,10",ok,"v_perp,log_psd,deriv,second_deriv",20.0,VDF_eas_forFitting_20220302121509_20220302122509_1min.h5,4288.0,
272,2022-03-02 16:37:09,441536909.6032398,55.42583210720634,5529,"7,8,9,10",ok,"v_perp,log_psd,deriv,second_deriv",20.0,VDF_eas_forFitting_20220302121509_20220302122509_1min.h5,4348.0,
273,2022-03-02 16:38:09,441805924.4878903,55.49339119784232,5300,"7,8,9,10",ok,"v_perp,log_psd,deriv,second_deriv",20.0,VDF_eas_forFitting_20220302121509_20220302122509_1min.h5,4194.0,
274,2022-03-02 16:39:09,434598234.7412478,53.69750542935895,5495,"7,8,9,10",ok,"v_perp,log_psd,deriv,second_deriv",20.0,VDF_eas_forFitting_20220302121509_20220302122509_1min.h5,4272.0,
275,2022-03-02 16:40:09,441414456.83206284,55.395093541742916,5338,"7,8,9,10",ok,"v_perp,log_psd,deriv,second_deriv",20.0,VDF_eas_forFitting_20220302121509_20220302122509_1min.h5,4254.0,
276,2022-03-02 16:41:09,441371575.19010913,55.384331242735186,5580,"7,8,9,10",ok,"v_perp,log_psd,deriv,second_deriv",20.0,VDF_eas_forFitting_20220302121509_20220302122509_1min.h5,4384.0,
277,2022-03-02 16:42:09,442287306.6142409,55.614385862741955,5603,"7,8,9,10",ok,"v_perp,log_psd,deriv,second_deriv",20.0,VDF_eas_forFitting_20220302121509_20220302122509_1min.h5,4428.0,
278,2022-03-02 16:43:09,442370234.4589167,55.635242954733876,5629,"7,8,9,10",ok,"v_perp,log_psd,deriv,second_deriv",20.0,VDF_eas_forFitting_20220302121509_20220302122509_1min.h5,4436.0,
279,2022-03-02 16:44:09,441607970.49823105,55.4436739957966,5314,"7,8,9,10",ok,"v_perp,log_psd,deriv,second_deriv",20.0,VDF_eas_forFitting_20220302121509_20220302122509_1min.h5,4202.0,
280,2022-03-02 16:45:09,442245955.8011372,55.60398722575533,5510,"7,8,9,10",ok,"v_perp,log_psd,deriv,second_deriv",20.0,VDF_eas_forFitting_20220302121509_20220302122509_1min.h5,4326.0,
281,2022-03-02 16:46:09,441707316.8918087,55.46862258818927,5397,"7,8,9,10",ok,"v_perp,log_psd,deriv,second_deriv",20.0,VDF_eas_forFitting_20220302121509_20220302122509_1min.h5,4306.0,
282,2022-03-02 16:47:09,441872474.48147064,55.5101105887384,5475,"7,8,9,10",ok,"v_perp,log_psd,deriv,second_deriv",20.0,VDF_eas_forFitting_20220302121509_20220302122509_1min.h5,4270.0,
283,2022-03-02 16:48:09,439407849.8550548,54.89260192903351,5504,"7,8,9,10",ok,"v_perp,log_psd,deriv,second_deriv",20.0,VDF_eas_forFitting_20220302121509_20220302122509_1min.h5,4319.0,
284,2022-03-02 16:49:09,441875938.2356968,55.51098085853272,5540,"7,8,9,10",ok,"v_perp,log_psd,deriv,second_deriv",20.0,VDF_eas_forFitting_20220302121509_20220302122509_1min.h5,4363.0,
285,2022-03-02 16:50:09,441223754.56026304,55.347239702478674,5521,"7,8,9,10",ok,"v_perp,log_psd,deriv,second_deriv",20.0,VDF_eas_forFitting_20220302121509_20220302122509_1min.h5,4364.0,
286,2022-03-02 16:51:09,442315011.8778044,55.62135354847061,5507,"7,8,9,10",ok,"v_perp,log_psd,deriv,second_deriv",20.0,VDF_eas_forFitting_20220302121509_20220302122509_1min.h5,4379.0,
287,2022-03-02 16:52:09,442341413.6531739,55.62799382189631,5259,"7,8,9,10",ok,"v_perp,log_psd,deriv,second_deriv",20.0,VDF_eas_forFitting_20220302121509_20220302122509_1min.h5,4223.0,
288,2022-03-02 16:53:09,443148215.553964,55.831102549980244,5336,"7,8,9,10",ok,"v_perp,log_psd,deriv,second_deriv",20.0,VDF_eas_forFitting_20220302121509_20220302122509_1min.h5,4241.0,
289,2022-03-02 16:54:09,442653331.6159768,55.70647387214433,5462,"7,8,9,10",ok,"v_perp,log_psd,deriv,second_deriv",20.0,VDF_eas_forFitting_20220302121509_20220302122509_1min.h5,4333.0,
290,2022-03-02 16:55:09,442120648.77578294,55.57248175672066,5313,"7,8,9,10",ok,"v_perp,log_psd,deriv,second_deriv",20.0,VDF_eas_forFitting_20220302121509_20220302122509_1min.h5,4204.0,
291,2022-03-02 16:56:09,443274913.8196544,55.86303189018655,5302,"7,8,9,10",ok,"v_perp,log_psd,deriv,second_deriv",20.0,VDF_eas_forFitting_20220302121509_20220302122509_1min.h5,4263.0,
292,2022-03-02 16:57:09,441981226.92909986,55.537437945073876,5430,"7,8,9,10",ok,"v_perp,log_psd,deriv,second_deriv",20.0,VDF_eas_forFitting_20220302121509_20220302122509_1min.h5,4326.0,
293,2022-03-02 16:58:09,441249892.0524905,55.35379728638486,5458,"7,8,9,10",ok,"v_perp,log_psd,deriv,second_deriv",20.0,VDF_eas_forFitting_20220302121509_20220302122509_1min.h5,4327.0,
294,2022-03-02 16:59:09,442008252.0894315,55.54422988084087,5541,"7,8,9,10",ok,"v_perp,log_psd,deriv,second_deriv",20.0,VDF_eas_forFitting_20220302121509_20220302122509_1min.h5,4379.0,
295,2022-03-02 17:00:09,442180213.168736,55.58745669230947,5423,"7,8,9,10",ok,"v_perp,log_psd,deriv,second_deriv",20.0,VDF_eas_forFitting_20220302121509_20220302122509_1min.h5,4332.0,
296,2022-03-02 17:01:09,442925005.1674474,55.77487331102781,5329,"7,8,9,10",ok,"v_perp,log_psd,deriv,second_deriv",20.0,VDF_eas_forFitting_20220302121509_20220302122509_1min.h5,4289.0,
297,2022-03-02 17:02:09,409951796.49431556,47.77974003945638,5327,"7,8,9,10",ok,"v_perp,log_psd,deriv,second_deriv",20.0,VDF_eas_forFitting_20220302121509_20220302122509_1min.h5,4004.0,
298,2022-03-02 17:03:09,409979268.6606227,47.786143996979554,5354,"7,8,9,10",ok,"v_perp,log_psd,deriv,second_deriv",20.0,VDF_eas_forFitting_20220302121509_20220302122509_1min.h5,4012.0,
299,2022-03-02 17:04:09,441907403.5542037,55.51888684630481,5148,"7,8,9,10",ok,"v_perp,log_psd,deriv,second_deriv",20.0,VDF_eas_forFitting_20220302121509_20220302122509_1min.h5,4152.0,
300,2022-03-02 17:05:09,442341911.56065965,55.628119053716226,5364,"7,8,9,10",ok,"v_perp,log_psd,deriv,second_deriv",20.0,VDF_eas_forFitting_20220302121509_20220302122509_1min.h5,4313.0,
301,2022-03-02 17:06:09,442410049.6674498,55.64525822390432,5321,"7,8,9,10",ok,"v_perp,log_psd,deriv,second_deriv",20.0,VDF_eas_forFitting_20220302121509_20220302122509_1min.h5,4238.0,
302,2022-03-02 17:07:09,442128419.1456324,55.5744351716202,5213,"7,8,9,10",ok,"v_perp,log_psd,deriv,second_deriv",20.0,VDF_eas_forFitting_20220302121509_20220302122509_1min.h5,4159.0,
303,2022-03-02 17:08:09,439278695.28642595,54.860337651540235,5055,"7,8,9,10",ok,"v_perp,log_psd,deriv,second_deriv",20.0,VDF_eas_forFitting_20220302121509_20220302122509_1min.h5,3958.0,
304,2022-03-02 17:09:09,441823966.07976836,55.497923547920536,5451,"7,8,9,10",ok,"v_perp,log_psd,deriv,second_deriv",20.0,VDF_eas_forFitting_20220302121509_20220302122509_1min.h5,4368.0,
305,2022-03-02 17:10:09,441811008.7643109,55.494668434511965,5519,"7,8,9,10",ok,"v_perp,log_psd,deriv,second_deriv",20.0,VDF_eas_forFitting_20220302121509_20220302122509_1min.h5,4407.0,
306,2022-03-02 17:11:09,434056405.71246934,53.563695726102154,5200,"7,8,9,10",ok,"v_perp,log_psd,deriv,second_deriv",20.0,VDF_eas_forFitting_20220302121509_20220302122509_1min.h5,4165.0,
307,2022-03-02 17:12:09,443750984.7031287,55.983088511089,5179,"7,8,9,10",ok,"v_perp,log_psd,deriv,second_deriv",20.0,VDF_eas_forFitting_20220302121509_20220302122509_1min.h5,4243.0,
308,2022-03-02 17:13:09,442386098.5899173,55.63923337063244,5313,"7,8,9,10",ok,"v_perp,log_psd,deriv,second_deriv",20.0,VDF_eas_forFitting_20220302121509_20220302122509_1min.h5,4288.0,
309,2022-03-02 17:14:09,478179135.33438796,65.00689748247261,5345,"7,8,9,10",ok,"v_perp,log_psd,deriv,second_deriv",20.0,VDF_eas_forFitting_20220302121509_20220302122509_1min.h5,4518.0,
310,2022-03-02 17:15:09,409486106.023537,47.67124956862493,5408,"7,8,9,10",ok,"v_perp,log_psd,deriv,second_deriv",20.0,VDF_eas_forFitting_20220302121509_20220302122509_1min.h5,4072.0,
311,2022-03-02 17:16:09,441826061.23346585,55.49844989761792,5135,"7,8,9,10",ok,"v_perp,log_psd,deriv,second_deriv",20.0,VDF_eas_forFitting_20220302121509_20220302122509_1min.h5,4120.0,
312,2022-03-02 17:17:09,443451951.53956604,55.90766260769631,4987,"7,8,9,10",ok,"v_perp,log_psd,deriv,second_deriv",20.0,VDF_eas_forFitting_20220302121509_20220302122509_1min.h5,4049.0,
313,2022-03-02 17:18:09,443435962.18564343,55.903631003887405,5296,"7,8,9,10",ok,"v_perp,log_psd,deriv,second_deriv",20.0,VDF_eas_forFitting_20220302121509_20220302122509_1min.h5,4295.0,
314,2022-03-02 17:19:09,442503339.20712936,55.66872816020502,5421,"7,8,9,10",ok,"v_perp,log_psd,deriv,second_deriv",20.0,VDF_eas_forFitting_20220302121509_20220302122509_1min.h5,4388.0,
315,2022-03-02 17:20:09,443293226.3540358,55.8676476028793,5393,"7,8,9,10",ok,"v_perp,log_psd,deriv,second_deriv",20.0,VDF_eas_forFitting_20220302121509_20220302122509_1min.h5,4323.0,
316,2022-03-02 17:21:09,444453606.1431528,56.16051260912493,4938,"7,8,9,10",ok,"v_perp,log_psd,deriv,second_deriv",20.0,VDF_eas_forFitting_20220302121509_20220302122509_1min.h5,4002.0,
317,2022-03-02 17:22:09,444068211.9808622,56.063159141951765,4932,"7,8,9,10",ok,"v_perp,log_psd,deriv,second_deriv",20.0,VDF_eas_forFitting_20220302121509_20220302122509_1min.h5,4014.0,
318,2022-03-02 17:23:09,434199648.8412483,53.59905471303498,4933,"7,8,9,10",ok,"v_perp,log_psd,deriv,second_deriv",20.0,VDF_eas_forFitting_20220302121509_20220302122509_1min.h5,3928.0,
319,2022-03-02 17:24:09,442460309.1040899,55.65790196104313,4419,"7,8,9,10",ok,"v_perp,log_psd,deriv,second_deriv",20.0,VDF_eas_forFitting_20220302121509_20220302122509_1min.h5,3560.0,
320,2022-03-02 17:25:09,439969275.045234,55.03296254118903,5041,"7,8,9,10",ok,"v_perp,log_psd,deriv,second_deriv",20.0,VDF_eas_forFitting_20220302121509_20220302122509_1min.h5,4029.0,
321,2022-03-02 17:26:09,434804257.8066632,53.74842853949347,4926,"7,8,9,10",ok,"v_perp,log_psd,deriv,second_deriv",20.0,VDF_eas_forFitting_20220302121509_20220302122509_1min.h5,3936.0,
322,2022-03-02 17:27:09,434354020.12908655,53.63717370268853,5137,"7,8,9,10",ok,"v_perp,log_psd,deriv,second_deriv",20.0,VDF_eas_forFitting_20220302121509_20220302122509_1min.h5,4074.0,
323,2022-03-02 17:28:09,441682754.6252073,55.46245381007273,5227,"7,8,9,10",ok,"v_perp,log_psd,deriv,second_deriv",20.0,VDF_eas_forFitting_20220302121509_20220302122509_1min.h5,4149.0,
324,2022-03-02 17:29:09,443153175.09694725,55.832352237072016,5167,"7,8,9,10",ok,"v_perp,log_psd,deriv,second_deriv",20.0,VDF_eas_forFitting_20220302121509_20220302122509_1min.h5,4103.0,
325,2022-03-02 17:30:09,441159521.5996518,55.331126071897266,5477,"7,8,9,10",ok,"v_perp,log_psd,deriv,second_deriv",20.0,VDF_eas_forFitting_20220302121509_20220302122509_1min.h5,4345.0,
326,2022-03-02 17:31:09,444124993.21213037,56.077497203714174,5097,"7,8,9,10",ok,"v_perp,log_psd,deriv,second_deriv",20.0,VDF_eas_forFitting_20220302121509_20220302122509_1min.h5,4049.0,
327,2022-03-02 17:32:09,467407006.94617444,62.11101579547284,4905,"7,8,9,10",ok,"v_perp,log_psd,deriv,second_deriv",20.0,VDF_eas_forFitting_20220302121509_20220302122509_1min.h5,4032.0,
328,2022-03-02 17:33:09,498650509.0160137,70.69207475851547,4672,"7,8,9,10",ok,"v_perp,log_psd,deriv,second_deriv",20.0,VDF_eas_forFitting_20220302121509_20220302122509_1min.h5,4008.0,
329,2022-03-02 17:34:09,509843914.9834077,73.90140162090653,4439,"7,8,9,10",ok,"v_perp,log_psd,deriv,second_deriv",20.0,VDF_eas_forFitting_20220302121509_20220302122509_1min.h5,3853.0,
330,2022-03-02 17:35:09,435453052.45558083,53.908950011650106,4943,"7,8,9,10",ok,"v_perp,log_psd,deriv,second_deriv",20.0,VDF_eas_forFitting_20220302121509_20220302122509_1min.h5,3867.0,
331,2022-03-02 17:36:09,442325663.227694,55.62403240681974,4994,"7,8,9,10",ok,"v_perp,log_psd,deriv,second_deriv",20.0,VDF_eas_forFitting_20220302121509_20220302122509_1min.h5,4023.0,
332,2022-03-02 17:37:09,443113803.5925897,55.82243193784228,5013,"7,8,9,10",ok,"v_perp,log_psd,deriv,second_deriv",20.0,VDF_eas_forFitting_20220302121509_20220302122509_1min.h5,4012.0,
333,2022-03-02 17:38:09,433874734.5851591,53.518867724750834,5054,"7,8,9,10",ok,"v_perp,log_psd,deriv,second_deriv",20.0,VDF_eas_forFitting_20220302121509_20220302122509_1min.h5,3960.0,
334,2022-03-02 17:39:09,467304590.033133,62.083799594248056,5108,"7,8,9,10",ok,"v_perp,log_psd,deriv,second_deriv",20.0,VDF_eas_forFitting_20220302121509_20220302122509_1min.h5,4208.0,
335,2022-03-02 17:40:09,443158707.2699525,55.833746229836414,4915,"7,8,9,10",ok,"v_perp,log_psd,deriv,second_deriv",20.0,VDF_eas_forFitting_20220302121509_20220302122509_1min.h5,3927.0,
336,2022-03-02 17:41:09,443393701.2678602,55.892975908783676,5008,"7,8,9,10",ok,"v_perp,log_psd,deriv,second_deriv",20.0,VDF_eas_forFitting_20220302121509_20220302122509_1min.h5,4008.0,
337,2022-03-02 17:42:09,466629630.8844834,61.9045855782839,5045,"7,8,9,10",ok,"v_perp,log_psd,deriv,second_deriv",20.0,VDF_eas_forFitting_20220302121509_20220302122509_1min.h5,4191.0,
338,2022-03-02 17:43:09,502786512.26746416,71.86963384665414,4893,"7,8,9,10",ok,"v_perp,log_psd,deriv,second_deriv",20.0,VDF_eas_forFitting_20220302121509_20220302122509_1min.h5,4237.0,
339,2022-03-02 17:44:09,434794771.98419756,53.74608338081445,5158,"7,8,9,10",ok,"v_perp,log_psd,deriv,second_deriv",20.0,VDF_eas_forFitting_20220302121509_20220302122509_1min.h5,4093.0,
340,2022-03-02 17:45:09,442917963.65934724,55.77309993587044,5542,"7,8,9,10",ok,"v_perp,log_psd,deriv,second_deriv",20.0,VDF_eas_forFitting_20220302121509_20220302122509_1min.h5,4401.0,
341,2022-03-02 17:46:09,443513590.9032348,55.923205902695635,5484,"7,8,9,10",ok,"v_perp,log_psd,deriv,second_deriv",20.0,VDF_eas_forFitting_20220302121509_20220302122509_1min.h5,4426.0,
342,2022-03-02 17:47:09,440622748.0199912,55.19656151423599,5439,"7,8,9,10",ok,"v_perp,log_psd,deriv,second_deriv",20.0,VDF_eas_forFitting_20220302121509_20220302122509_1min.h5,4312.0,
343,2022-03-02 17:48:09,443014056.16310674,55.797302874663735,5218,"7,8,9,10",ok,"v_perp,log_psd,deriv,second_deriv",20.0,VDF_eas_forFitting_20220302121509_20220302122509_1min.h5,4238.0,
344,2022-03-02 17:49:09,434374950.3006776,53.6423430449549,5260,"7,8,9,10",ok,"v_perp,log_psd,deriv,second_deriv",20.0,VDF_eas_forFitting_20220302121509_20220302122509_1min.h5,4145.0,
345,2022-03-02 17:50:09,435490968.69652164,53.918338457618056,5508,"7,8,9,10",ok,"v_perp,log_psd,deriv,second_deriv",20.0,VDF_eas_forFitting_20220302121509_20220302122509_1min.h5,4368.0,
346,2022-03-02 17:51:09,442646709.5755883,55.7048071603667,5265,"7,8,9,10",ok,"v_perp,log_psd,deriv,second_deriv",20.0,VDF_eas_forFitting_20220302121509_20220302122509_1min.h5,4193.0,
347,2022-03-02 17:52:09,443373230.0000753,55.887814925845596,5508,"7,8,9,10",ok,"v_perp,log_psd,deriv,second_deriv",20.0,VDF_eas_forFitting_20220302121509_20220302122509_1min.h5,4449.0,
348,2022-03-02 17:53:09,442967951.23579085,55.78568971388599,5245,"7,8,9,10",ok,"v_perp,log_psd,deriv,second_deriv",20.0,VDF_eas_forFitting_20220302121509_20220302122509_1min.h5,4280.0,
349,2022-03-02 17:54:09,442200786.0926159,55.592629348546446,5376,"7,8,9,10",ok,"v_perp,log_psd,deriv,second_deriv",20.0,VDF_eas_forFitting_20220302121509_20220302122509_1min.h5,4362.0,
350,2022-03-02 17:55:09,462717790.30390906,60.871021420135385,5361,"7,8,9,10",ok,"v_perp,log_psd,deriv,second_deriv",20.0,VDF_eas_forFitting_20220302121509_20220302122509_1min.h5,4424.0,
351,2022-03-02 17:56:09,465658006.0085411,61.64705622040193,5391,"7,8,9,10",ok,"v_perp,log_psd,deriv,second_deriv",20.0,VDF_eas_forFitting_20220302121509_20220302122509_1min.h5,4524.0,
352,2022-03-02 17:57:09,436917620.3800671,54.272185916044606,5290,"7,8,9,10",ok,"v_perp,log_psd,deriv,second_deriv",20.0,VDF_eas_forFitting_20220302121509_20220302122509_1min.h5,4227.0,
353,2022-03-02 17:58:09,426032374.06265026,51.601627477334965,5368,"7,8,9,10",ok,"v_perp,log_psd,deriv,second_deriv",20.0,VDF_eas_forFitting_20220302121509_20220302122509_1min.h5,4253.0,
354,2022-03-02 17:59:09,442160843.3937149,55.58258676409835,5298,"7,8,9,10",ok,"v_perp,log_psd,deriv,second_deriv",20.0,VDF_eas_forFitting_20220302121509_20220302122509_1min.h5,4324.0,
355,2022-03-02 18:00:09,443389489.94283164,55.89191417800192,5418,"7,8,9,10",ok,"v_perp,log_psd,deriv,second_deriv",20.0,VDF_eas_forFitting_20220302121509_20220302122509_1min.h5,4414.0,
356,2022-03-02 18:01:09,442175450.7453495,55.58625930911482,5443,"7,8,9,10",ok,"v_perp,log_psd,deriv,second_deriv",20.0,VDF_eas_forFitting_20220302121509_20220302122509_1min.h5,4420.0,
357,2022-03-02 18:02:09,434272731.3771048,53.61709933608963,5084,"7,8,9,10",ok,"v_perp,log_psd,deriv,second_deriv",20.0,VDF_eas_forFitting_20220302121509_20220302122509_1min.h5,4062.0,
358,2022-03-02 18:03:09,441622837.4310037,55.447407131536295,4893,"7,8,9,10",ok,"v_perp,log_psd,deriv,second_deriv",20.0,VDF_eas_forFitting_20220302121509_20220302122509_1min.h5,3966.0,
359,2022-03-02 18:04:09,444230997.6398623,56.104269722745116,4674,"7,8,9,10",ok,"v_perp,log_psd,deriv,second_deriv",20.0,VDF_eas_forFitting_20220302121509_20220302122509_1min.h5,3775.0,
360,2022-03-02 18:05:09,467501080.3505213,62.13602005350162,4835,"7,8,9,10",ok,"v_perp,log_psd,deriv,second_deriv",20.0,VDF_eas_forFitting_20220302121509_20220302122509_1min.h5,4019.0,
